
/* To ensure that my code works I will be creating my on DB from scratch with all the 
tables and references from scratch
*/
DROP TABLE ASSIGNMENT
DROP TABLE PROJECT
DROP TABLE EMPLOYEE
DROP TABLE EMP_1JP
DROP TABLE EMP_2JP
DROP TABLE JOB
DROP VIEW REP_1
/*
CREATE DATABASE Ch_07ConstructCoJPhillps
GO
*/

BEGIN TRANSACTION -- For Commit in PROBLEM 4
USE Ch_07ConstructCoJPhillps

CREATE TABLE JOB (
JOB_CODE CHAR(3) PRIMARY KEY,
JOB_DESCRIPTION VARCHAR(25),
JOB_CHG_HOUR FLOAT(8),
JOB_LAST_UPDATE DATETIME
);
INSERT INTO JOB VALUES('500','Programmer','35.75','11/20/2009');
INSERT INTO JOB VALUES('501','Systems Analyst','96.75','11/20/2009');
INSERT INTO JOB VALUES('502','Database Designer','125','3/24/2010');
INSERT INTO JOB VALUES('503','Electrical Engineer','84.5','11/20/2009');
INSERT INTO JOB VALUES('504','Mechanical Engineer','67.9','11/20/2009');
INSERT INTO JOB VALUES('505','Civil Engineer','55.78','11/20/2009');
INSERT INTO JOB VALUES('506','Clerical Support','26.87','11/20/2009');
INSERT INTO JOB VALUES('507','DSS Analyst','45.95','11/20/2009');
INSERT INTO JOB VALUES('508','Applications Designer','48.1','3/24/2010');
INSERT INTO JOB VALUES('509','Bio Technician','34.55','11/20/2009');
INSERT INTO JOB VALUES('510','General Support','18.36','11/20/2009');

GO
CREATE TABLE EMPLOYEE (
EMP_NUM VARCHAR(3) NOT NULL PRIMARY KEY,
EMP_LNAME VARCHAR(15),
EMP_FNAME VARCHAR(15),
EMP_INITIAL VARCHAR(1),
EMP_HIREDATE DATETIME,
JOB_CODE CHAR(3),
EMP_YEARS INT,
FOREIGN KEY (JOB_CODE) REFERENCES JOB
);

INSERT INTO EMPLOYEE VALUES('101','News','John','G','11/8/2000','502','4');
INSERT INTO EMPLOYEE VALUES('102','Senior','David','H','7/12/1989','501','15');
INSERT INTO EMPLOYEE VALUES('103','Arbough','June','E','12/1/1996','503','8');
INSERT INTO EMPLOYEE VALUES('104','Ramoras','Anne','K','11/15/1987','501','17');
INSERT INTO EMPLOYEE VALUES('105','Johnson','Alice','K','2/1/1993','502','12');
INSERT INTO EMPLOYEE VALUES('106','Smithfield','William','','6/22/2004','500','0');
INSERT INTO EMPLOYEE VALUES('107','Alonzo','Maria','D','10/10/1993','500','11');
INSERT INTO EMPLOYEE VALUES('108','Washington','Ralph','B','8/22/1991','501','13');
INSERT INTO EMPLOYEE VALUES('109','Smith','Larry','W','7/18/1997','501','7');
INSERT INTO EMPLOYEE VALUES('110','Olenko','Gerald','A','12/11/1995','505','9');
INSERT INTO EMPLOYEE VALUES('111','Wabash','Geoff','B','4/4/1991','506','14');
INSERT INTO EMPLOYEE VALUES('112','Smithson','Darlene','M','10/23/1994','507','10');
INSERT INTO EMPLOYEE VALUES('113','Joenbrood','Delbert','K','11/15/1996','508','8');
INSERT INTO EMPLOYEE VALUES('114','Jones','Annelise','','8/20/1993','508','11');
INSERT INTO EMPLOYEE VALUES('115','Bawangi','Travis','B','1/25/1992','501','13');
INSERT INTO EMPLOYEE VALUES('116','Pratt','Gerald','L','3/5/1997','510','8');
INSERT INTO EMPLOYEE VALUES('117','Williamson','Angie','H','6/19/1996','509','8');
INSERT INTO EMPLOYEE VALUES('118','Frommer','James','J','1/4/2005','510','0');

GO
CREATE TABLE PROJECT (
PROJ_NUM VARCHAR(3) PRIMARY KEY ,
PROJ_NAME VARCHAR(25),
PROJ_VALUE FLOAT(8),
PROJ_BALANCE FLOAT(8),
EMP_NUM VARCHAR(3)
FOREIGN KEY (EMP_NUM) REFERENCES EMPLOYEE
);
INSERT INTO PROJECT VALUES('15','Evergreen','1453500','1002350','103');
INSERT INTO PROJECT VALUES('18','Amber Wave','3500500','2110346','108');
INSERT INTO PROJECT VALUES('22','Rolling Tide','805000','500345.2','102');
INSERT INTO PROJECT VALUES('25','Starflight','2650500','2309880','107');

GO
CREATE TABLE ASSIGNMENT (
ASSIGN_NUM int NOT NULL PRIMARY KEY,
ASSIGN_DATE datetime,
PROJ_NUM varchar(3),
EMP_NUM varchar(3),
ASSIGN_JOB varchar(3),
ASSIGN_CHG_HR float(8),
ASSIGN_HOURS float(8),
ASSIGN_CHARGE float(8)
FOREIGN KEY (PROJ_NUM) REFERENCES PROJECT,
FOREIGN KEY (EMP_NUM) REFERENCES EMPLOYEE
);

INSERT INTO ASSIGNMENT VALUES('1001','3/22/2010','18','103','503','84.5','3.5','295.75');
INSERT INTO ASSIGNMENT VALUES('1002','3/22/2010','22','117','509','34.55','4.2','145.11');
INSERT INTO ASSIGNMENT VALUES('1003','3/22/2010','18','117','509','34.55','2','69.10');
INSERT INTO ASSIGNMENT VALUES('1004','3/22/2010','18','103','503','84.5','5.9','498.55');
INSERT INTO ASSIGNMENT VALUES('1005','3/22/2010','25','108','501','96.75','2.2','212.85');
INSERT INTO ASSIGNMENT VALUES('1006','3/22/2010','22','104','501','96.75','4.2','406.35');
INSERT INTO ASSIGNMENT VALUES('1007','3/22/2010','25','113','508','50.75','3.8','192.85');
INSERT INTO ASSIGNMENT VALUES('1008','3/22/2010','18','103','503','84.5','0.9','76.05');
INSERT INTO ASSIGNMENT VALUES('1009','3/23/2010','15','115','501','96.75','5.6','541.80');
INSERT INTO ASSIGNMENT VALUES('1010','3/23/2010','15','117','509','34.55','2.4','82.92');
INSERT INTO ASSIGNMENT VALUES('1011','3/23/2010','25','105','502','105','4.3','451.5');
INSERT INTO ASSIGNMENT VALUES('1012','3/23/2010','18','108','501','96.75','3.4','328.95');
INSERT INTO ASSIGNMENT VALUES('1013','3/23/2010','25','115','501','96.75','2','193.5');
INSERT INTO ASSIGNMENT VALUES('1014','3/23/2010','22','104','501','96.75','2.8','270.9');
INSERT INTO ASSIGNMENT VALUES('1015','3/23/2010','15','103','503','84.5','6.1','515.45');
INSERT INTO ASSIGNMENT VALUES('1016','3/23/2010','22','105','502','105','4.7','493.5');
INSERT INTO ASSIGNMENT VALUES('1017','3/23/2010','18','117','509','34.55','3.8','131.29');
INSERT INTO ASSIGNMENT VALUES('1018','3/23/2010','25','117','509','34.55','2.2','76.01');
INSERT INTO ASSIGNMENT VALUES('1019','3/24/2010','25','104','501','110.5','4.9','541.45');
INSERT INTO ASSIGNMENT VALUES('1020','3/24/2010','15','101','502','125','3.1','387.5');
INSERT INTO ASSIGNMENT VALUES('1021','3/24/2010','22','108','501','110.5','2.7','298.35');
INSERT INTO ASSIGNMENT VALUES('1022','3/24/2010','22','115','501','110.5','4.9','541.45');
INSERT INTO ASSIGNMENT VALUES('1023','3/24/2010','22','105','502','125','3.5','437.5');
INSERT INTO ASSIGNMENT VALUES('1024','3/24/2010','15','103','503','84.5','3.3','278.85');
INSERT INTO ASSIGNMENT VALUES('1025','3/24/2010','18','117','509','34.55','4.2','145.11');
GO

--Problem 1 CREATE TABLE EMP_1
CREATE TABLE EMP_1JP (
EMP_NUM			CHAR(3),
EMP_LNAME		VARCHAR(15),
EMP_FNAME		VARCHAR(15),
EMP_INITIAL		CHAR(1),
EMP_HIREDATE	DATE,
JOB_CODE		CHAR(3),
FOREIGN KEY (JOB_CODE) REFERENCES JOB)
GO 

-- PROBLEM 2 ADD DATA
INSERT INTO EMP_1JP VALUES('101','News','John','G','11/8/2000','502');
INSERT INTO EMP_1JP VALUES('102','Senior','David','H','7/12/1989','501');
INSERT INTO EMP_1JP VALUES('103','Arbough','June','E','12/1/1996','500');
INSERT INTO EMP_1JP VALUES('104','Ramoras','Anne','K','11/15/1987','501');
INSERT INTO EMP_1JP VALUES('105','Johnson','Alice','K','2/1/1993','502');
INSERT INTO EMP_1JP VALUES('106','Smithfield','William','','6/22/2004','500');
INSERT INTO EMP_1JP VALUES('107','Alonzo','Maria','D','10/10/1993','500');
INSERT INTO EMP_1JP VALUES('108','Washington','Ralph','B','8/22/1991','501');
INSERT INTO EMP_1JP VALUES('109','Smith','Larry','W','7/18/1997','501');
GO

--PROBLEM 3 SELECT QUERY WHERE JOB_CODE = '502'
SELECT *
FROM EMP_1JP
WHERE JOB_CODE = '502'
GO

--PROBLEM 4 COMMIT CHANGES

COMMIT

-- PROBLEM 5 CHANGE JOB_CODE FOR EMP_NUM = '107' then rollback

BEGIN TRANSACTION 
UPDATE EMP_1JP 
SET JOB_CODE = 501
WHERE EMP_NUM = '107'

SELECT * FROM EMP_1JP WHERE EMP_NUM = '107'

ROLLBACK --Remove changes above

SELECT * FROM EMP_1JP WHERE EMP_NUM = '107'

-- PROBLEM 6 DELETE ROW WITH LNAME = 'SMITHFIELD' AND FNAME = 'WILLIAM' AND EMP_HIREDATE = '22-JAN-2004' AND JOB_CODE = 500
BEGIN TRANSACTION
DELETE FROM EMP_1JP
WHERE EMP_LNAME = 'SMITHFIELD' AND EMP_FNAME = 'WILLIAM' AND EMP_HIREDATE = '22-JUN-04' AND JOB_CODE = '500'
SELECT * FROM EMP_1JP -- CHECK DELETION

-- PROBLEM 7 Rollback Changes
ROLLBACK
SELECT * FROM EMP_1JP -- CHECK ROLLBACK

-- PROBLEM 8 CREATE EMP_JP2 AND ADD TWO COLUMNS
-- CREATE TABLE FROM EMP_JP1
SELECT * 
INTO EMP_2JP
FROM EMP_1JP
--ADD TWO NEW COLUMNS
ALTER TABLE EMP_2JP 
	ADD EMP_PCT NUMERIC(4,2), PROJ_NUM	CHAR(3)
GO	

--PROBLEM 9 CHANGE THE EMP_PCT TO MATCH FIGURE 7.9
UPDATE EMP_2JP
SET EMP_PCT = 3.85
WHERE EMP_NUM = '103'
-- To reduce the lines of coding is used a CASE statement
UPDATE EMP_2JP
SET EMP_PCT =
	CASE 
		WHEN EMP_2JP.EMP_NUM IN (101,105)THEN 5.00
		WHEN EMP_2JP.EMP_NUM IN (104,108) THEN 10.00
		WHEN EMP_2JP.EMP_NUM = 102 THEN 8.00
		WHEN EMP_2JP.EMP_NUM = 103 THEN 3.83
		WHEN EMP_2JP.EMP_NUM = 106 THEN 6.20
		WHEN EMP_2JP.EMP_NUM = 107 THEN 5.15
		WHEN EMP_2JP.EMP_NUM = 109 THEN 2.00
		ELSE NULL
	END

-- Problem 10 change all PROJ_NUM codes to 18 for JOB_CODE 500 
UPDATE EMP_2JP
SET PROJ_NUM = 18
WHERE JOB_CODE = 500

-- PROBLEM 11 change PROJ_NUM TO 2
UPDATE EMP_2JP
SET PROJ_NUM = 25
WHERE JOB_CODE >= 502		
GO

-- PROBLEM 12 change 
UPDATE EMP_2JP
SET PROJ_NUM = 14
WHERE EMP_HIREDATE < '1-JAN-1994' 
AND JOB_CODE = '501'

-- PROBLEM 13 CREATE TEMP_1JP FROM EMP_2JP with EMP_NUM and EMP_PCT ,B) COPY DATA FROM EMP_2JP TO 
-- FROM EMP_2JP TO TEMP_1JP
-- Step 1
CREATE TABLE TEMP_1(
EMP_NUM		VARCHAR(3),
EMP_PCT		NUMERIC(4,2)
)
-- Step 2
INSERT INTO TEMP_1(EMP_NUM, EMP_PCT)
SELECT EMP_NUM, EMP_PCT FROM EMP_2JP
GO 

--Problem 14 Drop Temp Table

DROP TABLE TEMP_1

-- PROBLEM 15 List all the smith~
SELECT * 
FROM EMP_2JP
WHERE EMP_LNAME LIKE 'SMITH%'
GO

-- PROBLEM 16 Create figure 7.16
SELECT  PROJ_NAME,PROJ_VALUE,PROJ_BALANCE,EMP_LNAME,EMP_INITIAL,JOB.JOB_CODE,JOB_DESCRIPTION,JOB_CHG_HOUR
FROM         EMPLOYEE INNER JOIN
                      JOB ON EMPLOYEE.JOB_CODE = JOB.JOB_CODE INNER JOIN
                      PROJECT ON EMPLOYEE.EMP_NUM = PROJECT.EMP_NUM
ORDER BY PROJ_VALUE 
GO

--PROBLEM 17 Same as 16 but VIRTUAL TABLE
CREATE VIEW REP_1 AS 
SELECT  PROJ_NAME,PROJ_VALUE,PROJ_BALANCE,EMP_LNAME,EMP_INITIAL,JOB.JOB_CODE,JOB_DESCRIPTION,JOB_CHG_HOUR
FROM         EMPLOYEE INNER JOIN
                      JOB ON EMPLOYEE.JOB_CODE = JOB.JOB_CODE INNER JOIN
                      PROJECT ON EMPLOYEE.EMP_NUM = PROJECT.EMP_NUM


-- PROBLEM 18 